Time,Rate

null,66
null,86
13:18:08,78.66287844265261
13:18:18,68.2539989747599
13:18:28,78.93183822877889
13:18:38,69.70600644705476
13:18:48,77.67937311069612
13:18:58,69.63376351467575
13:19:08,82.06172757110977
13:19:18,72.0776307021344
13:19:28,81.53651888610945
13:19:38,70.33144994736166
13:19:48,81.2579461609437
13:19:58,72.81035758461617
13:20:08,77.12983395466016
13:20:18,72.92322954941157
13:20:28,82.00450238935464
