Time,Rate

null,93
null,104

13:18:08,97.15573613339828
13:18:18,99.50265109869186
13:18:28,98.93210588297661
13:18:38,97.70398327645441
13:18:48,99.33010946707223
13:18:58,98.43412556782854
13:19:08,99.67500157625048
13:19:18,97.18785344787058
13:19:28,98.966051238261
13:19:38,99.2906039255264
